<?xml version="1.0"?>
<config>
    <tabs>
        <ajaxblog translate="label" module="ajaxblog">
            <label>ajaxblog Extension</label>
            <sort_order>100</sort_order>
        </ajaxblog>
    </tabs>
	<sections>
		<ajaxblog translate="label" module="ajaxblog">
			<label>Configuration</label>
			<tab>ajaxblog</tab>
			<frontend_type>text</frontend_type>
			<sort_order>888</sort_order>
			<show_in_default>1</show_in_default>
			<show_in_website>1</show_in_website>
			<show_in_store>1</show_in_store>
			<groups>
                <ajaxblog>
					<label>Enable or Disable</label>
					<frontend_type>text</frontend_type>
					<sort_order>10</sort_order>
					<show_in_default>1</show_in_default>
					<show_in_website>1</show_in_website>
					<show_in_store>1</show_in_store>
						<fields>
						<enable translate="label">
							<label>Enable Or Disable:</label>
							<comment></comment>
							<frontend_type>select</frontend_type>
							<sort_order>110</sort_order>
							<show_in_default>1</show_in_default>
							<show_in_website>1</show_in_website>
							<show_in_store>1</show_in_store>
							<can_be_empty>1</can_be_empty>
                            <source_model>adminhtml/system_config_source_enabledisable</source_model>
							<!--<source_model>orderfeedback/type</source_model>-->
						</enable>
						</fields>
				</ajaxblog>
                 <ajaxblogcommon>
                   <label>General Setting</label>
					<frontend_type>text</frontend_type>
					<sort_order>11</sort_order>
					<show_in_default>1</show_in_default>
					<show_in_website>1</show_in_website>
					<show_in_store>1</show_in_store>
						<fields>
						<blogtitle translate="label">
							<label>Blog Title</label>
							<comment></comment>
							<frontend_type>text</frontend_type>
							<sort_order>110</sort_order>
							<show_in_default>1</show_in_default>
							<show_in_website>1</show_in_website>
							<show_in_store>1</show_in_store>
							<can_be_empty>1</can_be_empty>
						</blogtitle>
						<blogpagelayout translate="label">
							<label>Blog Page Layout</label>
							<comment></comment>
							<frontend_type>text</frontend_type>
							<sort_order>111</sort_order>
							<show_in_default>1</show_in_default>
							<show_in_website>1</show_in_website>
							<show_in_store>1</show_in_store>
							<can_be_empty>1</can_be_empty>
						</blogpagelayout>
						</fields>
 				 </ajaxblogcommon>
				 <ajaxblogcomment>
                   <label>Comment Setting</label>
					<frontend_type>text</frontend_type>
					<sort_order>12</sort_order>
					<show_in_default>1</show_in_default>
					<show_in_website>1</show_in_website>
					<show_in_store>1</show_in_store>
						<fields>
						
						<blogcommetns translate="label">
							<label>Enable Comments</label>
							<comment></comment>
							<frontend_type>select</frontend_type>
							<sort_order>111</sort_order>
							<show_in_default>1</show_in_default>
							<show_in_website>1</show_in_website>
							<show_in_store>1</show_in_store>
							<can_be_empty>1</can_be_empty>
							 <source_model>adminhtml/system_config_source_yesno</source_model>
						</blogcommetns>
						<commentsendemail translate="label">
							<label>Send Email To</label>
							<comment></comment>
							<frontend_type>text</frontend_type>
							<sort_order>112</sort_order>
							<show_in_default>1</show_in_default>
							<show_in_website>1</show_in_website>
							<show_in_store>1</show_in_store>
							<can_be_empty>1</can_be_empty>
						</commentsendemail>
						<commentemaildsender translate="label">
							<label>Email Sender</label>
							<comment></comment>
							<frontend_type>select</frontend_type>
							<sort_order>113</sort_order>
							<show_in_default>1</show_in_default>
							<show_in_website>1</show_in_website>
							<show_in_store>1</show_in_store>
							<can_be_empty>1</can_be_empty>
							<source_model>adminhtml/system_config_source_email_identity</source_model>
						</commentemaildsender>
						<blogcommetnsemailtem translate="label">
							<label>Blog Comment Email Template</label>
							<comment></comment>
							<frontend_type>select</frontend_type>
							<sort_order>114</sort_order>
							<show_in_default>1</show_in_default>
							<show_in_website>1</show_in_website>
							<show_in_store>1</show_in_store>
							<can_be_empty>1</can_be_empty>
							<source_model>adminhtml/system_config_source_email_template</source_model>
						</blogcommetnsemailtem>
						</fields>
 				 </ajaxblogcomment>
			</groups>
		</ajaxblog>
	</sections>
</config>